{"cameraMode":{"drawMode":0,"name":"Shaded","section":"Shading Mode"},"sceneLighting":false,"audioPlay":false,"sceneViewState":{"showFog":true,"showMaterialUpdate":false,"showSkybox":true,"showFlares":true,"showImageEffects":true,"showParticleSystems":true},"in2DMode":false,"pivot":{"x":3.2485013008117677,"y":2.678628921508789,"z":3.646752119064331},"rotation":{"x":0.0763210654258728,"y":-0.9236780405044556,"z":0.2646162211894989,"w":0.26640602946281435},"size":3.5054333209991457,"orthographic":false}